RSI,ADX,CCI,AD,OBV,Buy
-0.4056484701890805,-0.46431508893011425,-5.234042733020048,1.6929577464788736,-9.109122180105865,1